<application>
  <component name="GeneralSettings">
    <option name="reopenLastProject" value="false" />
    <option name="confirmExit" value="false" />
    <option name="confirmOpenNewProject2" value="-1" />
  </component>
  <component name="LocalizationStateService">
    <option name="lastSelectedLocale" value="zh-CN" />
  </component>
  <component name="Registry">
    <entry key="moved.to.new.ui" value="true" source="SYSTEM" />
    <entry key="ide.experimental.ui" value="true" source="SYSTEM" />
    <entry key="debugger.valueTooltipAutoShowOnSelection" value="true" source="SYSTEM" />
    <entry key="idea.islands.feedback2.enabled" value="false" source="MANAGER" />
  </component>
</application>