<application>
  <component name="MultiHighlight">
    <option name="MATCH_CASE" value="true" />
    <option name="MATCH_WORD" value="true" />
    <list>
      <color name="pink">
        <option name="FOREGROUND" value="ffffff" />
        <option name="BACKGROUND" value="ff649f" />
        <option name="FONT_TYPE" value="1" />
        <option name="ERROR_STRIPE_COLOR" value="ff649f" />
        <option name="EFFECT_TYPE" value="-1" />
      </color>
      <color name="violet">
        <option name="FOREGROUND" value="ffffff" />
        <option name="BACKGROUND" value="b388ff" />
        <option name="FONT_TYPE" value="1" />
        <option name="ERROR_STRIPE_COLOR" value="b388ff" />
        <option name="EFFECT_TYPE" value="-1" />
      </color>
      <color name="light blue">
        <option name="FOREGROUND" value="2b2b2b" />
        <option name="BACKGROUND" value="81d4fa" />
        <option name="FONT_TYPE" value="1" />
        <option name="ERROR_STRIPE_COLOR" value="81d4fa" />
        <option name="EFFECT_TYPE" value="-1" />
      </color>
      <color name="cyan">
        <option name="FOREGROUND" value="2b2b2b" />
        <option name="BACKGROUND" value="b8d4" />
        <option name="FONT_TYPE" value="1" />
        <option name="ERROR_STRIPE_COLOR" value="b8d4" />
        <option name="EFFECT_TYPE" value="-1" />
      </color>
      <color name="teal">
        <option name="FOREGROUND" value="2b2b2b" />
        <option name="BACKGROUND" value="64ffda" />
        <option name="FONT_TYPE" value="1" />
        <option name="ERROR_STRIPE_COLOR" value="64ffda" />
        <option name="EFFECT_TYPE" value="-1" />
      </color>
      <color name="green">
        <option name="FOREGROUND" value="2b2b2b" />
        <option name="BACKGROUND" value="4caf50" />
        <option name="FONT_TYPE" value="1" />
        <option name="ERROR_STRIPE_COLOR" value="4caf50" />
        <option name="EFFECT_TYPE" value="-1" />
      </color>
      <color name="light green">
        <option name="FOREGROUND" value="2b2b2b" />
        <option name="BACKGROUND" value="76ff03" />
        <option name="FONT_TYPE" value="1" />
        <option name="ERROR_STRIPE_COLOR" value="76ff03" />
        <option name="EFFECT_TYPE" value="-1" />
      </color>
      <color name="lime">
        <option name="FOREGROUND" value="2b2b2b" />
        <option name="BACKGROUND" value="cddc39" />
        <option name="FONT_TYPE" value="1" />
        <option name="ERROR_STRIPE_COLOR" value="cddc39" />
        <option name="EFFECT_TYPE" value="-1" />
      </color>
      <color name="yellow">
        <option name="FOREGROUND" value="2b2b2b" />
        <option name="BACKGROUND" value="ffff00" />
        <option name="FONT_TYPE" value="1" />
        <option name="ERROR_STRIPE_COLOR" value="ffff00" />
        <option name="EFFECT_TYPE" value="-1" />
      </color>
      <color name="amber">
        <option name="FOREGROUND" value="2b2b2b" />
        <option name="BACKGROUND" value="ffca28" />
        <option name="FONT_TYPE" value="1" />
        <option name="ERROR_STRIPE_COLOR" value="ffca28" />
        <option name="EFFECT_TYPE" value="-1" />
      </color>
      <color name="orange">
        <option name="FOREGROUND" value="2b2b2b" />
        <option name="BACKGROUND" value="ff6d00" />
        <option name="FONT_TYPE" value="1" />
        <option name="ERROR_STRIPE_COLOR" value="ff6d00" />
        <option name="EFFECT_TYPE" value="-1" />
      </color>
      <color name="deep orange">
        <option name="FOREGROUND" value="ffffff" />
        <option name="BACKGROUND" value="d84315" />
        <option name="FONT_TYPE" value="1" />
        <option name="ERROR_STRIPE_COLOR" value="d84315" />
        <option name="EFFECT_TYPE" value="-1" />
      </color>
      <color name="brown">
        <option name="FOREGROUND" value="ffffff" />
        <option name="BACKGROUND" value="795548" />
        <option name="FONT_TYPE" value="1" />
        <option name="ERROR_STRIPE_COLOR" value="795548" />
        <option name="EFFECT_TYPE" value="-1" />
      </color>
      <color name="grey">
        <option name="FOREGROUND" value="ffffff" />
        <option name="BACKGROUND" value="9e9e9e" />
        <option name="FONT_TYPE" value="1" />
        <option name="ERROR_STRIPE_COLOR" value="9e9e9e" />
        <option name="EFFECT_TYPE" value="-1" />
      </color>
      <color name="blue grey">
        <option name="FOREGROUND" value="ffffff" />
        <option name="BACKGROUND" value="607d8b" />
        <option name="FONT_TYPE" value="1" />
        <option name="ERROR_STRIPE_COLOR" value="607d8b" />
      </color>
    </list>
  </component>
</application>