<application>
  <component name="DimensionService">
    <location key="find.popup.0.0.1920.1080" x="448" y="113" />
    <location key="find.popup.0.0.2561.1440@144dpi" x="749" y="449" />
    <location key="find.popup.0.0.1920.1080@120dpi" x="198" y="0" />
    <location key="find.popup.0.0.1921.1081@130dpi" x="198" y="0" />
    <location key="find.popup.0.0.3841.2160@216dpi" x="848" y="108" />
    <size key="GridCell.Tab.0.left.0.0.1920.1080" width="1838" height="292" />
    <size key="GridCell.Tab.0.center.0.0.1920.1080" width="1838" height="292" />
    <size key="GridCell.Tab.0.right.0.0.1920.1080" width="1838" height="292" />
    <size key="GridCell.Tab.0.bottom.0.0.1920.1080" width="1838" height="292" />
    <size key="GridCell.Tab.1.left.0.0.1920.1080" width="1838" height="292" />
    <size key="GridCell.Tab.1.center.0.0.1920.1080" width="1838" height="292" />
    <size key="GridCell.Tab.1.right.0.0.1920.1080" width="1838" height="292" />
    <size key="GridCell.Tab.1.bottom.0.0.1920.1080" width="1838" height="292" />
    <size key="GridCell.Tab.2.left.0.0.1920.1080" width="1838" height="292" />
    <size key="GridCell.Tab.2.center.0.0.1920.1080" width="1838" height="292" />
    <size key="GridCell.Tab.2.right.0.0.1920.1080" width="1838" height="292" />
    <size key="GridCell.Tab.2.bottom.0.0.1920.1080" width="1838" height="292" />
    <size key="GridCell.Tab.3.left.0.0.1920.1080" width="1838" height="292" />
    <size key="GridCell.Tab.3.center.0.0.1920.1080" width="1838" height="292" />
    <size key="GridCell.Tab.3.right.0.0.1920.1080" width="1838" height="292" />
    <size key="GridCell.Tab.3.bottom.0.0.1920.1080" width="1838" height="292" />
    <size key="GridCell.Tab.4.left.0.0.1920.1080" width="1838" height="292" />
    <size key="GridCell.Tab.4.center.0.0.1920.1080" width="1838" height="292" />
    <size key="GridCell.Tab.4.right.0.0.1920.1080" width="1838" height="292" />
    <size key="GridCell.Tab.4.bottom.0.0.1920.1080" width="1838" height="292" />
    <size key="find.popup.0.0.1920.1080" width="1310" height="838" />
    <size key="GridCell.Tab.1.left.0.0.2561.1440@144dpi" width="2438" height="356" />
    <size key="GridCell.Tab.1.center.0.0.2561.1440@144dpi" width="2438" height="356" />
    <size key="GridCell.Tab.1.right.0.0.2561.1440@144dpi" width="2438" height="356" />
    <size key="GridCell.Tab.1.bottom.0.0.2561.1440@144dpi" width="2438" height="356" />
    <size key="GridCell.Tab.0.left.0.0.2561.1440@144dpi" width="2438" height="356" />
    <size key="GridCell.Tab.0.center.0.0.2561.1440@144dpi" width="2438" height="356" />
    <size key="GridCell.Tab.0.right.0.0.2561.1440@144dpi" width="2438" height="356" />
    <size key="GridCell.Tab.0.bottom.0.0.2561.1440@144dpi" width="2438" height="356" />
    <size key="GridCell.Tab.2.left.0.0.2561.1440@144dpi" width="2438" height="356" />
    <size key="GridCell.Tab.2.center.0.0.2561.1440@144dpi" width="2438" height="356" />
    <size key="GridCell.Tab.2.right.0.0.2561.1440@144dpi" width="2438" height="356" />
    <size key="GridCell.Tab.2.bottom.0.0.2561.1440@144dpi" width="2438" height="356" />
    <size key="GridCell.Tab.3.left.0.0.2561.1440@144dpi" width="2438" height="356" />
    <size key="GridCell.Tab.3.center.0.0.2561.1440@144dpi" width="2438" height="356" />
    <size key="GridCell.Tab.3.right.0.0.2561.1440@144dpi" width="2438" height="356" />
    <size key="GridCell.Tab.3.bottom.0.0.2561.1440@144dpi" width="2438" height="356" />
    <size key="GridCell.Tab.4.left.0.0.2561.1440@144dpi" width="2438" height="356" />
    <size key="GridCell.Tab.4.center.0.0.2561.1440@144dpi" width="2438" height="356" />
    <size key="GridCell.Tab.4.right.0.0.2561.1440@144dpi" width="2438" height="356" />
    <size key="GridCell.Tab.4.bottom.0.0.2561.1440@144dpi" width="2438" height="356" />
    <size key="find.popup.0.0.2561.1440@144dpi" width="1320" height="840" />
    <size key="GridCell.Tab.5.left.0.0.2561.1440@144dpi" width="2438" height="356" />
    <size key="GridCell.Tab.5.center.0.0.2561.1440@144dpi" width="2438" height="356" />
    <size key="GridCell.Tab.5.right.0.0.2561.1440@144dpi" width="2438" height="356" />
    <size key="GridCell.Tab.5.bottom.0.0.2561.1440@144dpi" width="2438" height="356" />
    <size key="GridCell.Tab.6.left.0.0.2561.1440@144dpi" width="2438" height="356" />
    <size key="GridCell.Tab.6.center.0.0.2561.1440@144dpi" width="2438" height="356" />
    <size key="GridCell.Tab.6.right.0.0.2561.1440@144dpi" width="2438" height="356" />
    <size key="GridCell.Tab.6.bottom.0.0.2561.1440@144dpi" width="2438" height="356" />
    <size key="GridCell.Tab.0.left.0.0.1920.1080@120dpi" width="1818" height="232" />
    <size key="GridCell.Tab.0.center.0.0.1920.1080@120dpi" width="1818" height="232" />
    <size key="GridCell.Tab.0.right.0.0.1920.1080@120dpi" width="1818" height="232" />
    <size key="GridCell.Tab.0.bottom.0.0.1920.1080@120dpi" width="1818" height="232" />
    <size key="GridCell.Tab.1.left.0.0.1920.1080@120dpi" width="1818" height="232" />
    <size key="GridCell.Tab.1.center.0.0.1920.1080@120dpi" width="1818" height="232" />
    <size key="GridCell.Tab.1.right.0.0.1920.1080@120dpi" width="1818" height="232" />
    <size key="GridCell.Tab.1.bottom.0.0.1920.1080@120dpi" width="1818" height="232" />
    <size key="GridCell.Tab.2.left.0.0.1920.1080@120dpi" width="1818" height="232" />
    <size key="GridCell.Tab.2.center.0.0.1920.1080@120dpi" width="1818" height="232" />
    <size key="GridCell.Tab.2.right.0.0.1920.1080@120dpi" width="1818" height="232" />
    <size key="GridCell.Tab.2.bottom.0.0.1920.1080@120dpi" width="1818" height="232" />
    <size key="GridCell.Tab.3.left.0.0.1920.1080@120dpi" width="1818" height="232" />
    <size key="GridCell.Tab.3.center.0.0.1920.1080@120dpi" width="1818" height="232" />
    <size key="GridCell.Tab.3.right.0.0.1920.1080@120dpi" width="1818" height="232" />
    <size key="GridCell.Tab.3.bottom.0.0.1920.1080@120dpi" width="1818" height="232" />
    <size key="GridCell.Tab.4.left.0.0.1920.1080@120dpi" width="1818" height="232" />
    <size key="GridCell.Tab.4.center.0.0.1920.1080@120dpi" width="1818" height="232" />
    <size key="GridCell.Tab.4.right.0.0.1920.1080@120dpi" width="1818" height="232" />
    <size key="GridCell.Tab.4.bottom.0.0.1920.1080@120dpi" width="1818" height="232" />
    <size key="GridCell.Tab.5.left.0.0.1920.1080@120dpi" width="1818" height="232" />
    <size key="GridCell.Tab.5.center.0.0.1920.1080@120dpi" width="1818" height="232" />
    <size key="GridCell.Tab.5.right.0.0.1920.1080@120dpi" width="1818" height="232" />
    <size key="GridCell.Tab.5.bottom.0.0.1920.1080@120dpi" width="1818" height="232" />
    <size key="GridCell.Tab.6.left.0.0.1920.1080@120dpi" width="1818" height="232" />
    <size key="GridCell.Tab.6.center.0.0.1920.1080@120dpi" width="1818" height="232" />
    <size key="GridCell.Tab.6.right.0.0.1920.1080@120dpi" width="1818" height="232" />
    <size key="GridCell.Tab.6.bottom.0.0.1920.1080@120dpi" width="1818" height="232" />
    <size key="find.popup.0.0.1920.1080@120dpi" width="1498" height="1020" />
    <size key="GridCell.Tab.0.left.0.0.1921.1081@130dpi" width="1811" height="227" />
    <size key="GridCell.Tab.0.center.0.0.1921.1081@130dpi" width="1811" height="227" />
    <size key="GridCell.Tab.0.right.0.0.1921.1081@130dpi" width="1811" height="227" />
    <size key="GridCell.Tab.0.bottom.0.0.1921.1081@130dpi" width="1811" height="227" />
    <size key="GridCell.Tab.1.left.0.0.1921.1081@130dpi" width="1811" height="227" />
    <size key="GridCell.Tab.1.center.0.0.1921.1081@130dpi" width="1811" height="227" />
    <size key="GridCell.Tab.1.right.0.0.1921.1081@130dpi" width="1811" height="227" />
    <size key="GridCell.Tab.1.bottom.0.0.1921.1081@130dpi" width="1811" height="227" />
    <size key="GridCell.Tab.2.left.0.0.1921.1081@130dpi" width="1811" height="227" />
    <size key="GridCell.Tab.2.center.0.0.1921.1081@130dpi" width="1811" height="227" />
    <size key="GridCell.Tab.2.right.0.0.1921.1081@130dpi" width="1811" height="227" />
    <size key="GridCell.Tab.2.bottom.0.0.1921.1081@130dpi" width="1811" height="227" />
    <size key="GridCell.Tab.3.left.0.0.1921.1081@130dpi" width="1811" height="227" />
    <size key="GridCell.Tab.3.center.0.0.1921.1081@130dpi" width="1811" height="227" />
    <size key="GridCell.Tab.3.right.0.0.1921.1081@130dpi" width="1811" height="227" />
    <size key="GridCell.Tab.3.bottom.0.0.1921.1081@130dpi" width="1811" height="227" />
    <size key="GridCell.Tab.4.left.0.0.1921.1081@130dpi" width="1811" height="227" />
    <size key="GridCell.Tab.4.center.0.0.1921.1081@130dpi" width="1811" height="227" />
    <size key="GridCell.Tab.4.right.0.0.1921.1081@130dpi" width="1811" height="227" />
    <size key="GridCell.Tab.4.bottom.0.0.1921.1081@130dpi" width="1811" height="227" />
    <size key="GridCell.Tab.5.left.0.0.1921.1081@130dpi" width="1811" height="227" />
    <size key="GridCell.Tab.5.center.0.0.1921.1081@130dpi" width="1811" height="227" />
    <size key="GridCell.Tab.5.right.0.0.1921.1081@130dpi" width="1811" height="227" />
    <size key="GridCell.Tab.5.bottom.0.0.1921.1081@130dpi" width="1811" height="227" />
    <size key="GridCell.Tab.6.left.0.0.1921.1081@130dpi" width="1811" height="227" />
    <size key="GridCell.Tab.6.center.0.0.1921.1081@130dpi" width="1811" height="227" />
    <size key="GridCell.Tab.6.right.0.0.1921.1081@130dpi" width="1811" height="227" />
    <size key="GridCell.Tab.6.bottom.0.0.1921.1081@130dpi" width="1811" height="227" />
    <size key="find.popup.0.0.1921.1081@130dpi" width="1498" height="1016" />
    <size key="GridCell.Tab.0.left.0.0.3841.2160@216dpi" width="3657" height="516" />
    <size key="GridCell.Tab.0.center.0.0.3841.2160@216dpi" width="3657" height="516" />
    <size key="GridCell.Tab.0.right.0.0.3841.2160@216dpi" width="3657" height="516" />
    <size key="GridCell.Tab.0.bottom.0.0.3841.2160@216dpi" width="3657" height="516" />
    <size key="GridCell.Tab.1.left.0.0.3841.2160@216dpi" width="3657" height="516" />
    <size key="GridCell.Tab.1.center.0.0.3841.2160@216dpi" width="3657" height="516" />
    <size key="GridCell.Tab.1.right.0.0.3841.2160@216dpi" width="3657" height="516" />
    <size key="GridCell.Tab.1.bottom.0.0.3841.2160@216dpi" width="3657" height="516" />
    <size key="GridCell.Tab.2.left.0.0.3841.2160@216dpi" width="3657" height="516" />
    <size key="GridCell.Tab.2.center.0.0.3841.2160@216dpi" width="3657" height="516" />
    <size key="GridCell.Tab.2.right.0.0.3841.2160@216dpi" width="3657" height="516" />
    <size key="GridCell.Tab.2.bottom.0.0.3841.2160@216dpi" width="3657" height="516" />
    <size key="GridCell.Tab.3.left.0.0.3841.2160@216dpi" width="3657" height="516" />
    <size key="GridCell.Tab.3.center.0.0.3841.2160@216dpi" width="3657" height="516" />
    <size key="GridCell.Tab.3.right.0.0.3841.2160@216dpi" width="3657" height="516" />
    <size key="GridCell.Tab.3.bottom.0.0.3841.2160@216dpi" width="3657" height="516" />
    <size key="GridCell.Tab.4.left.0.0.3841.2160@216dpi" width="3657" height="516" />
    <size key="GridCell.Tab.4.center.0.0.3841.2160@216dpi" width="3657" height="516" />
    <size key="GridCell.Tab.4.right.0.0.3841.2160@216dpi" width="3657" height="516" />
    <size key="GridCell.Tab.4.bottom.0.0.3841.2160@216dpi" width="3657" height="516" />
    <size key="GridCell.Tab.5.left.0.0.3841.2160@216dpi" width="3657" height="516" />
    <size key="GridCell.Tab.5.center.0.0.3841.2160@216dpi" width="3657" height="516" />
    <size key="GridCell.Tab.5.right.0.0.3841.2160@216dpi" width="3657" height="516" />
    <size key="GridCell.Tab.5.bottom.0.0.3841.2160@216dpi" width="3657" height="516" />
    <size key="GridCell.Tab.6.left.0.0.3841.2160@216dpi" width="3657" height="516" />
    <size key="GridCell.Tab.6.center.0.0.3841.2160@216dpi" width="3657" height="516" />
    <size key="GridCell.Tab.6.right.0.0.3841.2160@216dpi" width="3657" height="516" />
    <size key="GridCell.Tab.6.bottom.0.0.3841.2160@216dpi" width="3657" height="516" />
    <size key="find.popup.0.0.3841.2160@216dpi" width="2705" height="1944" />
  </component>
  <component name="WindowManager">
    <frame x="342" y="45" width="3150" height="1962" extendedState="6" />
  </component>
  <component name="WindowStateApplicationService">
    <state width="513" height="547" key="ShowUsagesActions.dimensionServiceKey" timestamp="1760884206061">
      <screen x="0" y="0" width="1707" height="912" />
    </state>
    <state width="426" height="210" key="ShowUsagesActions.dimensionServiceKey/0.0.1418.750" timestamp="1760845578910" />
    <state width="513" height="547" key="ShowUsagesActions.dimensionServiceKey/0.0.1707.912" timestamp="1760884206061" />
    <state width="512" height="214" key="ShowUsagesActions.dimensionServiceKey/0.0.1707.920" timestamp="1757988242575" />
  </component>
</application>