<application>
  <component name="DimensionService">
    <location key="find.popup.0.0.1920.1080" x="448" y="113" />
    <location key="find.popup.0.0.2561.1440@144dpi" x="663" y="174" />
    <size key="GridCell.Tab.0.left.0.0.1920.1080" width="1838" height="292" />
    <size key="GridCell.Tab.0.center.0.0.1920.1080" width="1838" height="292" />
    <size key="GridCell.Tab.0.right.0.0.1920.1080" width="1838" height="292" />
    <size key="GridCell.Tab.0.bottom.0.0.1920.1080" width="1838" height="292" />
    <size key="GridCell.Tab.1.left.0.0.1920.1080" width="1838" height="292" />
    <size key="GridCell.Tab.1.center.0.0.1920.1080" width="1838" height="292" />
    <size key="GridCell.Tab.1.right.0.0.1920.1080" width="1838" height="292" />
    <size key="GridCell.Tab.1.bottom.0.0.1920.1080" width="1838" height="292" />
    <size key="GridCell.Tab.2.left.0.0.1920.1080" width="1838" height="292" />
    <size key="GridCell.Tab.2.center.0.0.1920.1080" width="1838" height="292" />
    <size key="GridCell.Tab.2.right.0.0.1920.1080" width="1838" height="292" />
    <size key="GridCell.Tab.2.bottom.0.0.1920.1080" width="1838" height="292" />
    <size key="GridCell.Tab.3.left.0.0.1920.1080" width="1838" height="292" />
    <size key="GridCell.Tab.3.center.0.0.1920.1080" width="1838" height="292" />
    <size key="GridCell.Tab.3.right.0.0.1920.1080" width="1838" height="292" />
    <size key="GridCell.Tab.3.bottom.0.0.1920.1080" width="1838" height="292" />
    <size key="GridCell.Tab.4.left.0.0.1920.1080" width="1838" height="292" />
    <size key="GridCell.Tab.4.center.0.0.1920.1080" width="1838" height="292" />
    <size key="GridCell.Tab.4.right.0.0.1920.1080" width="1838" height="292" />
    <size key="GridCell.Tab.4.bottom.0.0.1920.1080" width="1838" height="292" />
    <size key="find.popup.0.0.1920.1080" width="1310" height="838" />
    <size key="GridCell.Tab.1.left.0.0.2561.1440@144dpi" width="2438" height="317" />
    <size key="GridCell.Tab.1.center.0.0.2561.1440@144dpi" width="2438" height="317" />
    <size key="GridCell.Tab.1.right.0.0.2561.1440@144dpi" width="2438" height="317" />
    <size key="GridCell.Tab.1.bottom.0.0.2561.1440@144dpi" width="2438" height="317" />
    <size key="GridCell.Tab.0.left.0.0.2561.1440@144dpi" width="2438" height="317" />
    <size key="GridCell.Tab.0.center.0.0.2561.1440@144dpi" width="2438" height="317" />
    <size key="GridCell.Tab.0.right.0.0.2561.1440@144dpi" width="2438" height="317" />
    <size key="GridCell.Tab.0.bottom.0.0.2561.1440@144dpi" width="2438" height="317" />
    <size key="GridCell.Tab.2.left.0.0.2561.1440@144dpi" width="2438" height="317" />
    <size key="GridCell.Tab.2.center.0.0.2561.1440@144dpi" width="2438" height="317" />
    <size key="GridCell.Tab.2.right.0.0.2561.1440@144dpi" width="2438" height="317" />
    <size key="GridCell.Tab.2.bottom.0.0.2561.1440@144dpi" width="2438" height="317" />
    <size key="GridCell.Tab.3.left.0.0.2561.1440@144dpi" width="2438" height="317" />
    <size key="GridCell.Tab.3.center.0.0.2561.1440@144dpi" width="2438" height="317" />
    <size key="GridCell.Tab.3.right.0.0.2561.1440@144dpi" width="2438" height="317" />
    <size key="GridCell.Tab.3.bottom.0.0.2561.1440@144dpi" width="2438" height="317" />
    <size key="GridCell.Tab.4.left.0.0.2561.1440@144dpi" width="2438" height="317" />
    <size key="GridCell.Tab.4.center.0.0.2561.1440@144dpi" width="2438" height="317" />
    <size key="GridCell.Tab.4.right.0.0.2561.1440@144dpi" width="2438" height="317" />
    <size key="GridCell.Tab.4.bottom.0.0.2561.1440@144dpi" width="2438" height="317" />
    <size key="find.popup.0.0.2561.1440@144dpi" width="1814" height="1194" />
    <size key="GridCell.Tab.5.left.0.0.2561.1440@144dpi" width="2438" height="317" />
    <size key="GridCell.Tab.5.center.0.0.2561.1440@144dpi" width="2438" height="317" />
    <size key="GridCell.Tab.5.right.0.0.2561.1440@144dpi" width="2438" height="317" />
    <size key="GridCell.Tab.5.bottom.0.0.2561.1440@144dpi" width="2438" height="317" />
    <size key="GridCell.Tab.6.left.0.0.2561.1440@144dpi" width="2438" height="317" />
    <size key="GridCell.Tab.6.center.0.0.2561.1440@144dpi" width="2438" height="317" />
    <size key="GridCell.Tab.6.right.0.0.2561.1440@144dpi" width="2438" height="317" />
    <size key="GridCell.Tab.6.bottom.0.0.2561.1440@144dpi" width="2438" height="317" />
  </component>
  <component name="WindowManager">
    <frame x="-12" y="-12" width="2576" height="1383" extendedState="6" />
  </component>
  <component name="WindowStateApplicationService">
    <state width="370" height="283" key="ShowUsagesActions.dimensionServiceKey" timestamp="1760686961730">
      <screen x="0" y="0" width="1707" height="912" />
    </state>
    <state width="512" height="214" key="ShowUsagesActions.dimensionServiceKey/0.0.1707.920" timestamp="1757988242575" />
    <state width="370" height="283" key="ShowUsagesActions.dimensionServiceKey/2560.0.1707.912/0.0.1707.912" timestamp="1760686961730" />
  </component>
</application>