<keymap version="1" name="Visual Studio 2022 copy" parent="Visual Studio 2022">
  <action id="ActivateBookmarksToolWindow">
    <keyboard-shortcut first-keystroke="ctrl k" second-keystroke="w" />
    <keyboard-shortcut first-keystroke="ctrl k" second-keystroke="ctrl w" />
  </action>
  <action id="ActivateProjectToolWindow">
    <keyboard-shortcut first-keystroke="ctrl b" />
  </action>
  <action id="ActivateTerminalToolWindow">
    <keyboard-shortcut first-keystroke="ctrl w" />
  </action>
  <action id="ActivateUnitTestsToolWindow">
    <keyboard-shortcut first-keystroke="shift alt 8" />
  </action>
  <action id="Arrangement.Rule.Edit" />
  <action id="AssemblyDiffAction" />
  <action id="Back">
    <keyboard-shortcut first-keystroke="ctrl d" />
  </action>
  <action id="BookmarksView.Rename" />
  <action id="BuildCurrentProject" />
  <action id="ChangeSignature" />
  <action id="ChangesView.Rename" />
  <action id="CodeCleanup" />
  <action id="CommentByBlockComment">
    <keyboard-shortcut first-keystroke="shift ctrl slash" />
  </action>
  <action id="CommentByLineComment">
    <keyboard-shortcut first-keystroke="ctrl slash" />
  </action>
  <action id="CompareTwoFiles" />
  <action id="CompileDirty" />
  <action id="Console.TableResult.DeleteRows">
    <keyboard-shortcut first-keystroke="shift ctrl l" />
  </action>
  <action id="Console.TableResult.EditValue">
    <keyboard-shortcut first-keystroke="enter" />
    <keyboard-shortcut first-keystroke="alt enter" />
  </action>
  <action id="ContextHelp" />
  <action id="DatabaseView.OpenFamilyAction" />
  <action id="Diff.ShowDiff" />
  <action id="Documentation.ViewExternal" />
  <action id="DuplicatesForm.SendToRight" />
  <action id="EditSource" />
  <action id="EditorContextInfo" />
  <action id="EditorDeleteLine">
    <keyboard-shortcut first-keystroke="shift ctrl l" />
  </action>
  <action id="EditorDuplicate" />
  <action id="EditorSelectWord">
    <keyboard-shortcut first-keystroke="shift alt equals" />
    <keyboard-shortcut first-keystroke="ctrl alt right" />
  </action>
  <action id="EditorToggleShowWhitespaces" />
  <action id="EditorToggleUseSoftWraps" />
  <action id="ExternalJavaDoc" />
  <action id="ExternalSystem.OpenConfig" />
  <action id="ExtractInterface" />
  <action id="ExtractMethod" />
  <action id="FileChooser.GotoDesktop" />
  <action id="FileChooser.GotoProject" />
  <action id="Find">
    <keyboard-shortcut first-keystroke="ctrl f" />
    <keyboard-shortcut first-keystroke="ctrl 2" />
  </action>
  <action id="FindInPath">
    <keyboard-shortcut first-keystroke="shift ctrl f" />
    <keyboard-shortcut first-keystroke="ctrl r" />
  </action>
  <action id="FindNext">
    <keyboard-shortcut first-keystroke="f2" />
  </action>
  <action id="FindPrevious">
    <keyboard-shortcut first-keystroke="f1" />
  </action>
  <action id="FindUsages">
    <keyboard-shortcut first-keystroke="shift f12" />
    <keyboard-shortcut first-keystroke="ctrl t" />
  </action>
  <action id="Forward">
    <keyboard-shortcut first-keystroke="ctrl e" />
  </action>
  <action id="Git.Rename.Local.Branch" />
  <action id="Git.Reword.Commit" />
  <action id="GotoAction" />
  <action id="GotoBookmark2" />
  <action id="GotoBookmark4" />
  <action id="GotoFile">
    <keyboard-shortcut first-keystroke="shift ctrl t" />
    <keyboard-shortcut first-keystroke="ctrl q" />
  </action>
  <action id="Graph.ActualSize">
    <keyboard-shortcut first-keystroke="ctrl divide" />
  </action>
  <action id="Graph.RouteEdges" />
  <action id="Images.Editor.ActualSize">
    <keyboard-shortcut first-keystroke="ctrl divide" />
  </action>
  <action id="InsertLiveTemplate">
    <keyboard-shortcut first-keystroke="ctrl k" second-keystroke="x" />
    <keyboard-shortcut first-keystroke="ctrl k" second-keystroke="ctrl x" />
  </action>
  <action id="IntroduceField" />
  <action id="IntroduceParameter" />
  <action id="Jdbc.OpenEditor.Data" />
  <action id="MultiHighlight">
    <keyboard-shortcut first-keystroke="f6" />
  </action>
  <action id="MultiHighlight.ClearAction">
    <keyboard-shortcut first-keystroke="f7" />
  </action>
  <action id="MultiHighlightWithColor" />
  <action id="NavBar-navigate" />
  <action id="NextDiff">
    <keyboard-shortcut first-keystroke="f8" />
  </action>
  <action id="OpenWinFormsCodeAction" />
  <action id="ProjectViewEditSource" />
  <action id="RecentFiles">
    <keyboard-shortcut first-keystroke="ctrl 4" />
  </action>
  <action id="ReformatCode">
    <keyboard-shortcut first-keystroke="ctrl l" />
  </action>
  <action id="RemoteHostView.EditSource" />
  <action id="RenameElement" />
  <action id="Resume" />
  <action id="RiderBackendAction-EncapsulateField" />
  <action id="RiderNuGetToggleDependenciesExpanderAction" />
  <action id="RiderProjectDiagramApplyCurrentLayout" />
  <action id="RiderTypeHierarchy.BaseOnThisType" />
  <action id="RiderUnitTestDebugContextTwAction" />
  <action id="RiderUnitTestRepeatPreviousRunAction">
    <keyboard-shortcut first-keystroke="ctrl u" second-keystroke="u" />
    <keyboard-shortcut first-keystroke="ctrl u" second-keystroke="ctrl u" />
  </action>
  <action id="RiderUnitTestRunContextSplitAction" />
  <action id="RiderUnitTestRunContextTwAction">
    <keyboard-shortcut first-keystroke="shift enter" />
  </action>
  <action id="RiderUnitTestRunSolutionAction">
    <keyboard-shortcut first-keystroke="ctrl u" second-keystroke="l" />
    <keyboard-shortcut first-keystroke="ctrl u" second-keystroke="ctrl l" />
  </action>
  <action id="RiderUnitTestRunSolutionTwAction" />
  <action id="RunDashboard.CopyConfiguration" />
  <action id="SafeDelete">
    <keyboard-shortcut first-keystroke="alt delete" />
  </action>
  <action id="SearchEverywhere">
    <keyboard-shortcut first-keystroke="ctrl comma" />
  </action>
  <action id="SendEOF" />
  <action id="ShelvedChanges.Rename" />
  <action id="SilentCodeCleanup" />
  <action id="SmartSelect">
    <keyboard-shortcut first-keystroke="shift alt equals" />
    <keyboard-shortcut first-keystroke="ctrl alt right" />
  </action>
  <action id="Sql.EditParameter" />
  <action id="SurroundWithLiveTemplate">
    <keyboard-shortcut first-keystroke="ctrl k" second-keystroke="s" />
    <keyboard-shortcut first-keystroke="ctrl k" second-keystroke="ctrl s" />
  </action>
  <action id="SwitchDesignerToCode" />
  <action id="SwitchHeaderSource">
    <keyboard-shortcut first-keystroke="f3" />
  </action>
  <action id="SwitcherIterateItems" />
  <action id="SwitcherRecentEditedChangedToggleCheckBox" />
  <action id="Table-startEditing" />
  <action id="TableResult.GrowSelection">
    <keyboard-shortcut first-keystroke="shift alt equals" />
    <keyboard-shortcut first-keystroke="ctrl alt right" />
  </action>
  <action id="Terminal.ClearBuffer" />
  <action id="Tree-startEditing" />
  <action id="TypeHierarchy" />
  <action id="TypeHierarchyBase.BaseOnThisType" />
  <action id="Unscramble" />
  <action id="UsageFiltering.ReadAccess" />
  <action id="UsageFiltering.WriteAccess" />
  <action id="XDebugger.CopyWatch" />
  <action id="XDebugger.EditWatch" />
  <action id="XDebugger.SetValue" />
  <action id="openAssertEqualsDiff" />
  <action id="org.intellij.plugins.markdown.ui.actions.styling.ToggleBoldAction" />
</keymap>