<application>
  <component name="Trusted.Paths">
    <option name="TRUSTED_PROJECT_PATHS">
      <map>
        <entry key="D:\leetcode\LC" value="true" />
        <entry key="D:\potato\Botato" value="true" />
        <entry key="D:\potato\Botato\.idea\.idea.Botato" value="true" />
        <entry key="D:\project\gameframework\TowerDefense-GameFramework-Demo" value="true" />
        <entry key="D:\project\gameframework\TowerDefense-GameFramework-Demo\.idea\.idea.TowerDefense-GameFramework-Demo" value="true" />
        <entry key="D:\ue\UnrealEngine" value="true" />
        <entry key="D:\ue\UnrealEngine\Samples\Lyra" value="true" />
        <entry key="D:\ue\UnrealEngine\Samples\Lyra\.idea\.idea.Lyra.dir" value="true" />
        <entry key="D:\ue\UnrealEngine\Samples\MyGame" value="true" />
        <entry key="D:\ue\UnrealEngine\Samples\MyGame\.idea\.idea.MyGame.dir" value="true" />
        <entry key="D:\ue\project\UnLua" value="true" />
        <entry key="D:\ue\project\UnLua\.idea\.idea.TPSProject" value="true" />
        <entry key="D:\ue\ue52epic\UE_5.2\Samples\MyGame" value="true" />
        <entry key="D:\ue\ue52epic\UE_5.2\Samples\MyGame\.idea\.idea.MyGame.dir" value="true" />
        <entry key="E:\godot\engine\godot" value="true" />
        <entry key="E:\godot\engine\godot\.idea\.idea.godot" value="true" />
        <entry key="E:\ue50epic\UE_5.0\Samples\MultiplayerCourseBlasterGame" value="true" />
        <entry key="E:\ue50epic\UE_5.0\Samples\MultiplayerCourseBlasterGame\.idea\.idea.Blaster.dir" value="true" />
        <entry key="E:\ue55epic\UE_5.5\Samples\MassSample" value="true" />
        <entry key="E:\ue55epic\UE_5.5\Samples\MassSample\.idea\.idea.MassSampleProject.dir" value="true" />
        <entry key="E:\uesrc\UnrealEngine" value="true" />
        <entry key="E:\uesrc\UnrealEngine\.idea\.idea.UE5" value="true" />
        <entry key="E:\uesrc\UnrealEngine\Samples\ActionRPG_UE5" value="true" />
        <entry key="E:\uesrc\UnrealEngine\Samples\Eve-Inventory" value="true" />
        <entry key="E:\uesrc\UnrealEngine\Samples\Eve-Inventory\.idea\.idea.EveInventory.dir" value="true" />
        <entry key="E:\uesrc\UnrealEngine\Samples\Eve-Shader-Demo" value="true" />
        <entry key="E:\uesrc\UnrealEngine\Samples\Eve-Shader-Demo\.idea\.idea.EveShaders.dir" value="true" />
        <entry key="E:\uesrc\UnrealEngine\Samples\EveInventory" value="true" />
        <entry key="E:\uesrc\UnrealEngine\Samples\EveInventory\.idea\.idea.EveInventory.dir" value="true" />
        <entry key="E:\uesrc\UnrealEngine\Samples\EveLua" value="true" />
        <entry key="E:\uesrc\UnrealEngine\Samples\EveLua\.idea\.idea.EveLua.dir" value="true" />
        <entry key="E:\uesrc\UnrealEngine\Samples\EveMass" value="true" />
        <entry key="E:\uesrc\UnrealEngine\Samples\EveRender" value="true" />
        <entry key="E:\uesrc\UnrealEngine\Samples\EveRender\.idea\.idea.EveRender.dir" value="true" />
        <entry key="E:\uesrc\UnrealEngine\Samples\EveServer" value="true" />
        <entry key="E:\uesrc\UnrealEngine\Samples\EveShaders" value="true" />
        <entry key="E:\uesrc\UnrealEngine\Samples\EveShaders\.idea\.idea.EveShaders.dir" value="true" />
        <entry key="E:\uesrc\UnrealEngine\Samples\Lua-C-Notes" value="true" />
        <entry key="E:\uesrc\UnrealEngine\Samples\Lua-C-Notes\.idea\.idea.EveLua.dir" value="true" />
        <entry key="E:\uesrc\UnrealEngine\Samples\Lyra" value="true" />
        <entry key="E:\uesrc\UnrealEngine\Samples\Lyra\.idea\.idea.Lyra.dir" value="true" />
        <entry key="E:\uesrc\UnrealEngine\Samples\MassSample" value="true" />
        <entry key="E:\uesrc\UnrealEngine\Samples\MassSample\.idea\.idea.MassSampleProject.dir" value="true" />
        <entry key="E:\uesrc\UnrealEngine\Samples\MultiplayerCourseBlasterGame" value="true" />
        <entry key="E:\uesrc\UnrealEngine\Samples\MultiplayerCourseBlasterGame\.idea\.idea.Blaster.dir" value="true" />
        <entry key="E:\uesrc\UnrealEngine\Samples\MyGame" value="true" />
        <entry key="E:\uesrc\UnrealEngine\Samples\MyGame\.idea\.idea.MyGame.dir" value="true" />
        <entry key="E:\zx" value="true" />
        <entry key="E:\zx\.idea\.idea.UE5" value="true" />
        <entry key="E:\zx\ZXTool\GenMapTileTool" value="true" />
        <entry key="E:\zx\ZXTool\GenMapTileTool\.idea\.idea.GenMapTileTool" value="true" />
        <entry key="E:\zx\ZhuxianClient" value="true" />
        <entry key="F:\jynew\jyx2" value="true" />
        <entry key="F:\jynew\jyx2\.idea\.idea.jyx2" value="true" />
        <entry key="F:\ninjacombat\Ninja" value="true" />
      </map>
    </option>
  </component>
</application>